0,0,0,0.564606742,0.640449438,0.654494382,0.47752809,0.730337079,0.348314607,0.744382022,0.235955056,0.825842697,0.480337079,0.985955056,0.573033708,0.93258427,0.615168539,0.859550562,0.612359551,0.851123596,0.581460674,1,0.66011236,0.935393258,0.693820225,0.859550562,0.685393258,0.862359551,0.696629213,0.991573034,0.752808989,0.929775281,0.775280899,0.856741573,0.766853933,0.862359551,0.808988764,0.963483146,0.834269663,0.904494382,0.851123596,0.845505618,0.845505618
0,0,0,0.564606742,0.640449438,0.657303371,0.47752809,0.730337079,0.348314607,0.744382022,0.235955056,0.825842697,0.480337079,0.985955056,0.573033708,0.93258427,0.615168539,0.859550562,0.609550562,0.851123596,0.581460674,1,0.66011236,0.935393258,0.691011236,0.859550562,0.685393258,0.862359551,0.696629213,0.994382022,0.752808989,0.929775281,0.77247191,0.856741573,0.766853933,0.862359551,0.808988764,0.963483146,0.834269663,0.904494382,0.851123596,0.845505618,0.845505618
0,0,0,0.564606742,0.637640449,0.657303371,0.47752809,0.730337079,0.345505618,0.744382022,0.235955056,0.825842697,0.480337079,0.985955056,0.573033708,0.93258427,0.615168539,0.856741573,0.609550562,0.851123596,0.581460674,1,0.657303371,0.935393258,0.691011236,0.859550562,0.68258427,0.862359551,0.696629213,0.991573034,0.75,0.929775281,0.77247191,0.856741573,0.766853933,0.862359551,0.808988764,0.963483146,0.834269663,0.904494382,0.848314607,0.845505618,0.845505618
0,0,0,0.564606742,0.637640449,0.657303371,0.47752809,0.730337079,0.348314607,0.744382022,0.235955056,0.825842697,0.480337079,0.985955056,0.575842697,0.93258427,0.617977528,0.859550562,0.612359551,0.851123596,0.581460674,1,0.66011236,0.935393258,0.693820225,0.859550562,0.685393258,0.862359551,0.693820225,0.991573034,0.752808989,0.926966292,0.775280899,0.856741573,0.766853933,0.859550562,0.808988764,0.963483146,0.834269663,0.904494382,0.851123596,0.845505618,0.845505618
0,0,0,0.564606742,0.637640449,0.657303371,0.47752809,0.730337079,0.348314607,0.744382022,0.235955056,0.825842697,0.480337079,0.985955056,0.573033708,0.929775281,0.615168539,0.853932584,0.609550562,0.851123596,0.581460674,1,0.657303371,0.93258427,0.691011236,0.859550562,0.685393258,0.862359551,0.693820225,0.991573034,0.75,0.926966292,0.77247191,0.856741573,0.766853933,0.862359551,0.808988764,0.963483146,0.834269663,0.901685393,0.851123596,0.842696629,0.845505618
0,0,0,0.564606742,0.637640449,0.657303371,0.47752809,0.730337079,0.348314607,0.747191011,0.235955056,0.828651685,0.480337079,0.985955056,0.573033708,0.93258427,0.615168539,0.856741573,0.609550562,0.853932584,0.581460674,1,0.66011236,0.935393258,0.691011236,0.859550562,0.685393258,0.865168539,0.693820225,0.991573034,0.752808989,0.929775281,0.775280899,0.856741573,0.766853933,0.865168539,0.808988764,0.963483146,0.834269663,0.904494382,0.848314607,0.845505618,0.845505618
0,0,0,0.56741573,0.637640449,0.657303371,0.47752809,0.730337079,0.348314607,0.747191011,0.235955056,0.828651685,0.480337079,0.985955056,0.573033708,0.929775281,0.615168539,0.856741573,0.609550562,0.853932584,0.581460674,1,0.657303371,0.935393258,0.691011236,0.859550562,0.685393258,0.865168539,0.693820225,0.994382022,0.75,0.929775281,0.77247191,0.859550562,0.766853933,0.865168539,0.808988764,0.966292135,0.834269663,0.904494382,0.848314607,0.845505618,0.845505618
0,0,0,0.566197183,0.63943662,0.656338028,0.478873239,0.732394366,0.349295775,0.749295775,0.236619718,0.828169014,0.481690141,0.988732394,0.571830986,0.932394366,0.614084507,0.856338028,0.608450704,0.856338028,0.583098592,1,0.65915493,0.935211268,0.690140845,0.861971831,0.684507042,0.867605634,0.698591549,0.994366197,0.752112676,0.932394366,0.774647887,0.85915493,0.766197183,0.867605634,0.811267606,0.969014085,0.836619718,0.907042254,0.850704225,0.847887324,0.845070423
0,0,0,0.564971751,0.641242938,0.65819209,0.480225989,0.734463277,0.350282486,0.751412429,0.240112994,0.827683616,0.483050847,0.985875706,0.573446328,0.935028249,0.618644068,0.861581921,0.61299435,0.855932203,0.581920904,1,0.661016949,0.937853107,0.694915254,0.861581921,0.689265537,0.86440678,0.697740113,0.994350282,0.754237288,0.93220339,0.776836158,0.858757062,0.771186441,0.86440678,0.810734463,0.966101695,0.836158192,0.906779661,0.853107345,0.847457627,0.847457627
0,0,0,0.563739377,0.64305949,0.657223796,0.478753541,0.730878187,0.348441926,0.747875354,0.23796034,0.827195467,0.481586402,0.985835694,0.575070822,0.934844193,0.614730878,0.861189802,0.609065156,0.852691218,0.580736544,1,0.660056657,0.934844193,0.69121813,0.861189802,0.685552408,0.864022663,0.696883853,0.994334278,0.753541076,0.932011331,0.776203966,0.858356941,0.767705382,0.861189802,0.813031161,0.966005666,0.838526912,0.906515581,0.852691218,0.847025496,0.849858357
0,0,0,0.566572238,0.640226629,0.657223796,0.478753541,0.730878187,0.348441926,0.747875354,0.23796034,0.827195467,0.481586402,0.988668555,0.57223796,0.934844193,0.614730878,0.858356941,0.609065156,0.852691218,0.580736544,1,0.660056657,0.934844193,0.69121813,0.861189802,0.685552408,0.864022663,0.696883853,0.994334278,0.753541076,0.92917847,0.776203966,0.858356941,0.770538244,0.864022663,0.813031161,0.963172805,0.841359773,0.90368272,0.855524079,0.847025496,0.849858357
0,0,0,0.569405099,0.637393768,0.657223796,0.478753541,0.730878187,0.348441926,0.747875354,0.235127479,0.827195467,0.478753541,0.988668555,0.57223796,0.934844193,0.614730878,0.861189802,0.609065156,0.855524079,0.577903683,1,0.657223796,0.937677054,0.69121813,0.861189802,0.682719547,0.866855524,0.694050992,0.994334278,0.750708215,0.932011331,0.773371105,0.861189802,0.767705382,0.866855524,0.807365439,0.966005666,0.838526912,0.906515581,0.855524079,0.847025496,0.849858357
0,0,0,0.56779661,0.63559322,0.65819209,0.47740113,0.731638418,0.347457627,0.745762712,0.234463277,0.824858757,0.474576271,0.988700565,0.56779661,0.93220339,0.610169492,0.855932203,0.604519774,0.853107345,0.576271186,1,0.655367232,0.935028249,0.686440678,0.858757062,0.677966102,0.867231638,0.692090395,0.994350282,0.748587571,0.929378531,0.771186441,0.858757062,0.762711864,0.867231638,0.807909605,0.968926554,0.833333333,0.906779661,0.850282486,0.847457627,0.844632768
0,0,0,0.568627451,0.633053221,0.658263305,0.476190476,0.731092437,0.347338936,0.74789916,0.238095238,0.829131653,0.473389356,0.985994398,0.56302521,0.927170868,0.607843137,0.851540616,0.602240896,0.857142857,0.577030812,1,0.652661064,0.932773109,0.683473389,0.857142857,0.675070028,0.871148459,0.694677871,0.994397759,0.745098039,0.927170868,0.767507003,0.857142857,0.759103641,0.871148459,0.80952381,0.966386555,0.831932773,0.904761905,0.845938375,0.845938375,0.843137255
0,0,0,0.572222222,0.625,0.661111111,0.469444444,0.733333333,0.344444444,0.747222222,0.233333333,0.833333333,0.469444444,0.986111111,0.558333333,0.930555556,0.6,0.855555556,0.594444444,0.861111111,0.572222222,1,0.644444444,0.938888889,0.675,0.863888889,0.669444444,0.875,0.686111111,0.994444444,0.736111111,0.933333333,0.758333333,0.863888889,0.752777778,0.872222222,0.8,0.969444444,0.822222222,0.908333333,0.836111111,0.85,0.830555556
0,0,0,0.573407202,0.623268698,0.664819945,0.468144044,0.736842105,0.340720222,0.753462604,0.232686981,0.831024931,0.470914127,0.986149584,0.559556787,0.933518006,0.601108033,0.858725762,0.595567867,0.858725762,0.567867036,1,0.64265928,0.936288089,0.673130194,0.861495845,0.667590028,0.872576177,0.681440443,0.994459834,0.734072022,0.933518006,0.756232687,0.864265928,0.750692521,0.872576177,0.79501385,0.969529086,0.819944598,0.908587258,0.831024931,0.850415512,0.828254848
0,0,0,0.576177285,0.626038781,0.664819945,0.468144044,0.736842105,0.340720222,0.753462604,0.232686981,0.831024931,0.468144044,0.986149584,0.559556787,0.933518006,0.601108033,0.858725762,0.595567867,0.858725762,0.567867036,1,0.64265928,0.936288089,0.675900277,0.861495845,0.667590028,0.872576177,0.681440443,0.994459834,0.734072022,0.933518006,0.756232687,0.864265928,0.750692521,0.872576177,0.792243767,0.969529086,0.817174515,0.911357341,0.831024931,0.853185596,0.828254848
0,0,0,0.576177285,0.626038781,0.664819945,0.470914127,0.736842105,0.343490305,0.753462604,0.232686981,0.833795014,0.470914127,0.986149584,0.56232687,0.930747922,0.601108033,0.858725762,0.595567867,0.861495845,0.567867036,1,0.645429363,0.936288089,0.675900277,0.861495845,0.667590028,0.872576177,0.684210526,0.994459834,0.736842105,0.933518006,0.756232687,0.861495845,0.750692521,0.872576177,0.79501385,0.969529086,0.819944598,0.908587258,0.833795014,0.850415512,0.828254848
0,0,0,0.576177285,0.626038781,0.664819945,0.470914127,0.739612188,0.343490305,0.753462604,0.232686981,0.833795014,0.470914127,0.988919668,0.559556787,0.933518006,0.601108033,0.858725762,0.592797784,0.861495845,0.570637119,1,0.645429363,0.936288089,0.673130194,0.861495845,0.667590028,0.872576177,0.684210526,0.997229917,0.736842105,0.933518006,0.756232687,0.861495845,0.750692521,0.872576177,0.797783934,0.966759003,0.819944598,0.908587258,0.833795014,0.847645429,0.831024931
0,0,0,0.576177285,0.626038781,0.667590028,0.470914127,0.742382271,0.343490305,0.756232687,0.232686981,0.831024931,0.468144044,0.986149584,0.56232687,0.933518006,0.603878116,0.858725762,0.595567867,0.858725762,0.567867036,1,0.645429363,0.936288089,0.675900277,0.861495845,0.667590028,0.872576177,0.681440443,0.997229917,0.736842105,0.933518006,0.756232687,0.861495845,0.750692521,0.872576177,0.79501385,0.969529086,0.817174515,0.908587258,0.833795014,0.850415512,0.828254848
0,0,0,0.576177285,0.626038781,0.664819945,0.468144044,0.739612188,0.340720222,0.753462604,0.232686981,0.836565097,0.470914127,0.988919668,0.56232687,0.930747922,0.601108033,0.855955679,0.592797784,0.861495845,0.570637119,1,0.645429363,0.933518006,0.673130194,0.861495845,0.667590028,0.87534626,0.684210526,0.994459834,0.736842105,0.933518006,0.756232687,0.861495845,0.750692521,0.872576177,0.797783934,0.966759003,0.819944598,0.905817175,0.833795014,0.847645429,0.831024931
0,0,0,0.576177285,0.623268698,0.667590028,0.468144044,0.742382271,0.343490305,0.756232687,0.232686981,0.833795014,0.470914127,0.988919668,0.56232687,0.933518006,0.603878116,0.858725762,0.595567867,0.861495845,0.567867036,1,0.645429363,0.936288089,0.675900277,0.861495845,0.667590028,0.872576177,0.684210526,0.997229917,0.736842105,0.933518006,0.75900277,0.861495845,0.750692521,0.872576177,0.79501385,0.966759003,0.819944598,0.905817175,0.833795014,0.847645429,0.831024931
0,0,0,0.578947368,0.623268698,0.667590028,0.468144044,0.739612188,0.343490305,0.756232687,0.232686981,0.833795014,0.470914127,0.986149584,0.56232687,0.930747922,0.603878116,0.855955679,0.595567867,0.861495845,0.567867036,1,0.645429363,0.936288089,0.675900277,0.861495845,0.667590028,0.872576177,0.681440443,0.997229917,0.736842105,0.933518006,0.75900277,0.861495845,0.750692521,0.872576177,0.79501385,0.966759003,0.819944598,0.905817175,0.836565097,0.847645429,0.831024931
0,0,0,0.576177285,0.626038781,0.667590028,0.468144044,0.742382271,0.340720222,0.756232687,0.232686981,0.833795014,0.470914127,0.986149584,0.56232687,0.933518006,0.603878116,0.858725762,0.59833795,0.861495845,0.567867036,1,0.645429363,0.936288089,0.675900277,0.864265928,0.667590028,0.872576177,0.681440443,0.997229917,0.736842105,0.933518006,0.75900277,0.864265928,0.750692521,0.872576177,0.79501385,0.966759003,0.819944598,0.908587258,0.833795014,0.850415512,0.831024931
0,0,0,0.577777778,0.627777778,0.669444444,0.469444444,0.741666667,0.344444444,0.758333333,0.233333333,0.836111111,0.472222222,0.988888889,0.563888889,0.936111111,0.605555556,0.861111111,0.6,0.863888889,0.569444444,1,0.647222222,0.938888889,0.677777778,0.863888889,0.672222222,0.875,0.683333333,1,0.738888889,0.936111111,0.758333333,0.863888889,0.752777778,0.875,0.797222222,0.969444444,0.822222222,0.908333333,0.836111111,0.85,0.833333333
0,0,0,0.578947368,0.623268698,0.667590028,0.468144044,0.742382271,0.343490305,0.756232687,0.232686981,0.836565097,0.470914127,0.988919668,0.56232687,0.933518006,0.603878116,0.858725762,0.595567867,0.861495845,0.567867036,1,0.645429363,0.936288089,0.675900277,0.864265928,0.667590028,0.872576177,0.681440443,0.997229917,0.736842105,0.933518006,0.75900277,0.861495845,0.750692521,0.872576177,0.79501385,0.966759003,0.822714681,0.905817175,0.836565097,0.847645429,0.831024931
0,0,0,0.577348066,0.624309392,0.665745856,0.46961326,0.740331492,0.345303867,0.759668508,0.237569061,0.831491713,0.46961326,0.988950276,0.560773481,0.933701657,0.602209945,0.861878453,0.596685083,0.859116022,0.569060773,1,0.643646409,0.936464088,0.674033149,0.861878453,0.668508287,0.872928177,0.682320442,0.994475138,0.73480663,0.933701657,0.756906077,0.861878453,0.748618785,0.872928177,0.79281768,0.966850829,0.820441989,0.906077348,0.834254144,0.848066298,0.828729282
0,0,0,0.580110497,0.624309392,0.665745856,0.46961326,0.743093923,0.345303867,0.759668508,0.237569061,0.834254144,0.46961326,0.988950276,0.560773481,0.936464088,0.602209945,0.864640884,0.596685083,0.859116022,0.566298343,1,0.643646409,0.936464088,0.67679558,0.864640884,0.668508287,0.872928177,0.679558011,0.994475138,0.73480663,0.933701657,0.756906077,0.861878453,0.751381215,0.872928177,0.790055249,0.966850829,0.817679558,0.908839779,0.831491713,0.850828729,0.828729282
0,0,0,0.577348066,0.624309392,0.665745856,0.46961326,0.743093923,0.345303867,0.756906077,0.237569061,0.831491713,0.46961326,0.986187845,0.563535912,0.936464088,0.604972376,0.867403315,0.602209945,0.859116022,0.566298343,1,0.64640884,0.939226519,0.679558011,0.864640884,0.671270718,0.870165746,0.67679558,0.994475138,0.737569061,0.930939227,0.759668508,0.861878453,0.754143646,0.870165746,0.790055249,0.964088398,0.817679558,0.906077348,0.834254144,0.848066298,0.831491713
0,0,0,0.576177285,0.631578947,0.667590028,0.473684211,0.742382271,0.346260388,0.756232687,0.238227147,0.833795014,0.476454294,0.986149584,0.570637119,0.933518006,0.612188366,0.861495845,0.606648199,0.861495845,0.573407202,1,0.653739612,0.933518006,0.686980609,0.858725762,0.67867036,0.869806094,0.686980609,0.994459834,0.745152355,0.927977839,0.767313019,0.858725762,0.761772853,0.867036011,0.800554017,0.96398892,0.825484765,0.905817175,0.842105263,0.847645429,0.836565097
0,0,0,0.572222222,0.636111111,0.663888889,0.480555556,0.741666667,0.352777778,0.758333333,0.244444444,0.830555556,0.477777778,0.986111111,0.572222222,0.933333333,0.613888889,0.861111111,0.611111111,0.858333333,0.575,1,0.655555556,0.936111111,0.688888889,0.863888889,0.683333333,0.869444444,0.688888889,0.994444444,0.75,0.930555556,0.772222222,0.861111111,0.766666667,0.866666667,0.802777778,0.966666667,0.833333333,0.905555556,0.847222222,0.847222222,0.841666667
0,0,0,0.568245125,0.635097493,0.660167131,0.479108635,0.735376045,0.35097493,0.757660167,0.245125348,0.835654596,0.48189415,0.988857939,0.573816156,0.935933148,0.61281337,0.860724234,0.60724234,0.860724234,0.579387187,1,0.657381616,0.938718663,0.688022284,0.863509749,0.682451253,0.86908078,0.693593315,0.997214485,0.746518106,0.933147632,0.768802228,0.863509749,0.763231198,0.866295265,0.805013928,0.969359331,0.832869081,0.908077994,0.846796657,0.852367688,0.841225627
0,0,0,0.573816156,0.635097493,0.662952646,0.479108635,0.73816156,0.35097493,0.757660167,0.242339833,0.838440111,0.48189415,0.988857939,0.573816156,0.935933148,0.615598886,0.860724234,0.610027855,0.863509749,0.582172702,1,0.657381616,0.938718663,0.690807799,0.863509749,0.682451253,0.871866295,0.69637883,0.997214485,0.749303621,0.933147632,0.771587744,0.860724234,0.766016713,0.86908078,0.807799443,0.966573816,0.835654596,0.908077994,0.849582173,0.846796657,0.844011142
0,0,0,0.572222222,0.636111111,0.661111111,0.477777778,0.736111111,0.35,0.755555556,0.241666667,0.833333333,0.480555556,0.986111111,0.575,0.933333333,0.616666667,0.858333333,0.608333333,0.858333333,0.577777778,1,0.655555556,0.936111111,0.688888889,0.863888889,0.680555556,0.869444444,0.691666667,0.994444444,0.747222222,0.930555556,0.772222222,0.861111111,0.763888889,0.866666667,0.805555556,0.963888889,0.833333333,0.902777778,0.847222222,0.844444444,0.841666667
0,0,0,0.571030641,0.637883008,0.662952646,0.48189415,0.73816156,0.353760446,0.757660167,0.245125348,0.832869081,0.48189415,0.988857939,0.579387187,0.935933148,0.618384401,0.863509749,0.61281337,0.857938719,0.579387187,1,0.662952646,0.935933148,0.693593315,0.860724234,0.685236769,0.866295265,0.693593315,0.994428969,0.752089136,0.930362117,0.774373259,0.860724234,0.768802228,0.863509749,0.805013928,0.963788301,0.835654596,0.905292479,0.849582173,0.849582173,0.846796657
0,0,0,0.56424581,0.642458101,0.659217877,0.483240223,0.734636872,0.354748603,0.75698324,0.248603352,0.832402235,0.48603352,0.98603352,0.583798883,0.932960894,0.622905028,0.860335196,0.617318436,0.857541899,0.583798883,1,0.667597765,0.932960894,0.698324022,0.857541899,0.689944134,0.865921788,0.698324022,0.991620112,0.759776536,0.927374302,0.779329609,0.857541899,0.773743017,0.863128492,0.810055866,0.960893855,0.837988827,0.902234637,0.851955307,0.843575419,0.849162011
0,0,0,0.559322034,0.649717514,0.655367232,0.488700565,0.731638418,0.361581921,0.754237288,0.251412429,0.830508475,0.491525424,0.988700565,0.593220339,0.935028249,0.632768362,0.86440678,0.624293785,0.855932203,0.593220339,1,0.677966102,0.935028249,0.709039548,0.858757062,0.700564972,0.867231638,0.706214689,0.994350282,0.768361582,0.926553672,0.790960452,0.855932203,0.782485876,0.86440678,0.822033898,0.963276836,0.850282486,0.901129944,0.861581921,0.84180791,0.855932203
0,0,0,0.545977011,0.66954023,0.646551724,0.502873563,0.724137931,0.370689655,0.747126437,0.25862069,0.82183908,0.505747126,0.982758621,0.594827586,0.936781609,0.640804598,0.864942529,0.640804598,0.850574713,0.609195402,1,0.686781609,0.936781609,0.724137931,0.856321839,0.715517241,0.859195402,0.724137931,0.99137931,0.781609195,0.925287356,0.807471264,0.853448276,0.801724138,0.856321839,0.841954023,0.959770115,0.867816092,0.896551724,0.882183908,0.836206897,0.879310345
0,0,0,0.541176471,0.685294118,0.641176471,0.517647059,0.717647059,0.382352941,0.744117647,0.267647059,0.817647059,0.517647059,0.985294118,0.605882353,0.944117647,0.655882353,0.876470588,0.658823529,0.844117647,0.623529412,1,0.7,0.941176471,0.741176471,0.861764706,0.735294118,0.855882353,0.744117647,0.991176471,0.8,0.926470588,0.826470588,0.852941176,0.820588235,0.852941176,0.864705882,0.958823529,0.888235294,0.9,0.902941176,0.838235294,0.9
0,0,0,0.534328358,0.695522388,0.635820896,0.525373134,0.713432836,0.388059701,0.737313433,0.271641791,0.811940299,0.52238806,0.985074627,0.617910448,0.937313433,0.665671642,0.865671642,0.662686567,0.835820896,0.632835821,1,0.713432836,0.934328358,0.752238806,0.853731343,0.743283582,0.847761194,0.758208955,0.988059701,0.814925373,0.92238806,0.841791045,0.847761194,0.832835821,0.844776119,0.880597015,0.958208955,0.904477612,0.895522388,0.919402985,0.832835821,0.91641791
0,0,0,0.524096386,0.704819277,0.63253012,0.530120482,0.713855422,0.394578313,0.737951807,0.274096386,0.804216867,0.53313253,0.987951807,0.626506024,0.939759036,0.677710843,0.864457831,0.674698795,0.831325301,0.641566265,1,0.725903614,0.93373494,0.765060241,0.84939759,0.753012048,0.840361446,0.768072289,0.984939759,0.828313253,0.918674699,0.855421687,0.843373494,0.846385542,0.837349398,0.894578313,0.951807229,0.915662651,0.891566265,0.930722892,0.828313253,0.927710843
0,0,0,0.521472393,0.708588957,0.628834356,0.533742331,0.708588957,0.392638037,0.733128834,0.273006135,0.800613497,0.533742331,0.987730061,0.625766871,0.938650307,0.674846626,0.865030675,0.674846626,0.82208589,0.647239264,1,0.73006135,0.935582822,0.766871166,0.852760736,0.754601227,0.834355828,0.77607362,0.990797546,0.834355828,0.926380368,0.86196319,0.849693252,0.852760736,0.831288344,0.904907975,0.957055215,0.926380368,0.895705521,0.941717791,0.831288344,0.932515337
0,0,0,0.507788162,0.713395639,0.626168224,0.53271028,0.707165109,0.3894081,0.719626168,0.264797508,0.788161994,0.53271028,0.987538941,0.62305296,0.931464174,0.669781931,0.85046729,0.666666667,0.806853583,0.641744548,1,0.722741433,0.931464174,0.760124611,0.847352025,0.747663551,0.816199377,0.769470405,0.990654206,0.828660436,0.92211838,0.856697819,0.84423676,0.84423676,0.816199377,0.903426791,0.953271028,0.92834891,0.887850467,0.940809969,0.819314642,0.92834891
0,0,0,0.5,0.686708861,0.610759494,0.506329114,0.693037975,0.373417722,0.71835443,0.253164557,0.778481013,0.503164557,0.984177215,0.588607595,0.930379747,0.632911392,0.841772152,0.626582278,0.800632911,0.610759494,1,0.689873418,0.933544304,0.724683544,0.848101266,0.712025316,0.813291139,0.737341772,0.990506329,0.794303797,0.920886076,0.825949367,0.841772152,0.813291139,0.813291139,0.867088608,0.952531646,0.89556962,0.889240506,0.911392405,0.82278481,0.901898734
0,0,0,0.48534202,0.664495114,0.61237785,0.478827362,0.697068404,0.342019544,0.716612378,0.218241042,0.768729642,0.465798046,0.990228013,0.553745928,0.938110749,0.605863192,0.843648208,0.599348534,0.785016287,0.573289902,1,0.657980456,0.928338762,0.703583062,0.840390879,0.687296417,0.794788274,0.703583062,0.990228013,0.765472313,0.915309446,0.804560261,0.830618893,0.791530945,0.791530945,0.83713355,0.954397394,0.872964169,0.889250814,0.899022801,0.820846906,0.889250814
0,0,0,0.458471761,0.637873754,0.591362126,0.441860465,0.681063123,0.295681063,0.697674419,0.166112957,0.750830565,0.415282392,0.990033223,0.514950166,0.936877076,0.568106312,0.84717608,0.558139535,0.77076412,0.524916944,1,0.617940199,0.926910299,0.661129568,0.833887043,0.644518272,0.777408638,0.661129568,0.990033223,0.727574751,0.910299003,0.764119601,0.820598007,0.750830565,0.774086379,0.800664452,0.946843854,0.837209302,0.873754153,0.863787375,0.797342193,0.857142857
0,0,0,0.460264901,0.612582781,0.579470199,0.413907285,0.67218543,0.264900662,0.698675497,0.135761589,0.751655629,0.38410596,0.986754967,0.486754967,0.927152318,0.536423841,0.834437086,0.529801325,0.771523179,0.496688742,1,0.589403974,0.92384106,0.629139073,0.82781457,0.612582781,0.781456954,0.629139073,0.993377483,0.698675497,0.913907285,0.728476821,0.824503311,0.71192053,0.781456954,0.768211921,0.960264901,0.80794702,0.887417219,0.824503311,0.80794702,0.80794702
0,0,0,0.469453376,0.569131833,0.591639871,0.382636656,0.678456592,0.241157556,0.697749196,0.115755627,0.768488746,0.360128617,0.996784566,0.469453376,0.932475884,0.511254019,0.84244373,0.495176849,0.790996785,0.47266881,1,0.569131833,0.926045016,0.601286174,0.836012862,0.578778135,0.800643087,0.604501608,0.990353698,0.668810289,0.91318328,0.697749196,0.832797428,0.681672026,0.800643087,0.739549839,0.951768489,0.768488746,0.881028939,0.78778135,0.807073955,0.778135048
0,0,0,0.495440729,0.541033435,0.601823708,0.364741641,0.67781155,0.23100304,0.693009119,0.11550152,0.781155015,0.343465046,0.987841945,0.434650456,0.933130699,0.477203647,0.85106383,0.465045593,0.802431611,0.452887538,1,0.534954407,0.936170213,0.568389058,0.854103343,0.550151976,0.808510638,0.577507599,0.987841945,0.638297872,0.924012158,0.665653495,0.844984802,0.653495441,0.808510638,0.708206687,0.954407295,0.73556231,0.905775076,0.753799392,0.844984802,0.744680851
0,0,0,0.522988506,0.522988506,0.626436782,0.350574713,0.706896552,0.224137931,0.721264368,0.117816092,0.795977011,0.33045977,0.988505747,0.425287356,0.933908046,0.462643678,0.856321839,0.448275862,0.816091954,0.431034483,1,0.517241379,0.936781609,0.548850575,0.862068966,0.531609195,0.824712644,0.548850575,0.99137931,0.614942529,0.931034483,0.637931034,0.859195402,0.626436782,0.824712644,0.672413793,0.959770115,0.706896552,0.91091954,0.721264368,0.850574713,0.709770115
0,0,0,0.551630435,0.505434783,0.644021739,0.350543478,0.722826087,0.233695652,0.739130435,0.135869565,0.809782609,0.326086957,0.989130435,0.423913043,0.940217391,0.464673913,0.869565217,0.451086957,0.83423913,0.418478261,1,0.508152174,0.945652174,0.54076087,0.877717391,0.527173913,0.842391304,0.527173913,0.991847826,0.597826087,0.9375,0.625,0.872282609,0.616847826,0.839673913,0.644021739,0.964673913,0.690217391,0.91576087,0.706521739,0.858695652,0.695652174
0,0,0,0.565552699,0.485861183,0.652956298,0.336760925,0.727506427,0.231362468,0.745501285,0.138817481,0.832904884,0.326478149,0.989717224,0.413881748,0.940874036,0.452442159,0.87403599,0.447300771,0.856041131,0.413881748,1,0.491002571,0.948586118,0.524421594,0.884318766,0.5218509,0.861182519,0.519280206,0.994858612,0.575835476,0.940874036,0.604113111,0.879177378,0.601542416,0.856041131,0.629820051,0.971722365,0.663239075,0.925449871,0.676092545,0.871465296,0.668380463
0,0,0,0.59223301,0.463592233,0.667475728,0.327669903,0.72815534,0.22815534,0.752427184,0.143203883,0.847087379,0.313106796,1,0.400485437,0.987864078,0.451456311,0.946601942,0.461165049,0.871359223,0.398058252,0.995145631,0.47815534,0.953883495,0.514563107,0.895631068,0.514563107,0.878640777,0.497572816,0.990291262,0.555825243,0.944174757,0.582524272,0.883495146,0.582524272,0.873786408,0.601941748,0.958737864,0.63592233,0.915048544,0.650485437,0.86407767,0.645631068
0,0,0,0.621809745,0.450116009,0.693735499,0.320185615,0.758700696,0.222737819,0.781902552,0.141531323,0.86774942,0.315545244,0.993039443,0.389791183,0.958236659,0.429234339,0.90487239,0.431554524,0.893271462,0.39675174,1,0.464037123,0.960556845,0.496519722,0.907192575,0.498839907,0.900232019,0.489559165,1,0.540603248,0.960556845,0.563805104,0.90487239,0.56612529,0.895591647,0.584686775,0.974477958,0.612529002,0.937354988,0.626450116,0.893271462,0.62412993
0,0,0,0.632743363,0.42920354,0.705752212,0.307522124,0.763274336,0.21460177,0.78539823,0.134955752,0.873893805,0.305309735,0.997787611,0.39159292,0.960176991,0.42920354,0.902654867,0.42699115,0.900442478,0.382743363,1,0.462389381,0.957964602,0.495575221,0.902654867,0.491150442,0.909292035,0.471238938,0.993362832,0.533185841,0.951327434,0.559734513,0.898230088,0.555309735,0.907079646,0.561946903,0.973451327,0.599557522,0.931415929,0.617256637,0.887168142,0.612831858
0,0,0,0.648471616,0.42139738,0.72489083,0.301310044,0.786026201,0.209606987,0.812227074,0.128820961,0.897379913,0.299126638,1,0.386462882,0.951965066,0.419213974,0.895196507,0.410480349,0.923580786,0.377729258,1,0.46069869,0.949781659,0.486899563,0.897379913,0.478165939,0.930131004,0.469432314,0.991266376,0.532751092,0.943231441,0.554585153,0.8930131,0.550218341,0.925764192,0.561135371,0.967248908,0.6069869,0.919213974,0.622270742,0.875545852,0.61790393
0,0,0,0.653191489,0.4,0.731914894,0.282978723,0.793617021,0.191489362,0.819148936,0.112765957,0.90212766,0.289361702,1,0.365957447,0.955319149,0.39787234,0.89787234,0.393617021,0.923404255,0.368085106,0.995744681,0.440425532,0.944680851,0.463829787,0.887234043,0.455319149,0.927659574,0.457446809,0.987234043,0.512765957,0.938297872,0.527659574,0.885106383,0.519148936,0.919148936,0.546808511,0.963829787,0.578723404,0.912765957,0.589361702,0.865957447,0.582978723
0,0,0,0.65560166,0.369294606,0.736514523,0.255186722,0.796680498,0.165975104,0.819502075,0.087136929,0.900414938,0.263485477,1,0.346473029,0.956431535,0.377593361,0.900414938,0.371369295,0.921161826,0.342323651,1,0.417012448,0.94813278,0.439834025,0.894190871,0.429460581,0.923236515,0.43153527,0.993775934,0.487551867,0.941908714,0.504149378,0.885892116,0.493775934,0.912863071,0.520746888,0.966804979,0.553941909,0.917012448,0.564315353,0.869294606,0.558091286
0,0,0,0.655241935,0.350806452,0.733870968,0.237903226,0.798387097,0.151209677,0.828629032,0.074596774,0.901209677,0.247983871,1,0.324596774,0.95766129,0.356854839,0.901209677,0.350806452,0.923387097,0.326612903,0.995967742,0.401209677,0.945564516,0.423387097,0.893145161,0.413306452,0.925403226,0.415322581,0.987903226,0.471774194,0.9375,0.485887097,0.885080645,0.475806452,0.915322581,0.504032258,0.959677419,0.538306452,0.909274194,0.544354839,0.860887097,0.536290323
0,0,0,0.661448141,0.334637965,0.739726027,0.223091977,0.802348337,0.138943249,0.829745597,0.060665362,0.902152642,0.232876712,1,0.315068493,0.953033268,0.344422701,0.8962818,0.332681018,0.919765166,0.311154599,0.996086106,0.387475538,0.943248532,0.409001957,0.890410959,0.395303327,0.919765166,0.401174168,0.984344423,0.455968689,0.935420744,0.471624266,0.884540117,0.459882583,0.908023483,0.489236791,0.95890411,0.520547945,0.909980431,0.528375734,0.864970646,0.518590998
0,0,0,0.673076923,0.332692308,0.751923077,0.221153846,0.813461538,0.138461538,0.840384615,0.063461538,0.907692308,0.234615385,1,0.311538462,0.955769231,0.338461538,0.898076923,0.326923077,0.926923077,0.315384615,0.994230769,0.386538462,0.948076923,0.405769231,0.898076923,0.392307692,0.926923077,0.405769231,0.986538462,0.455769231,0.944230769,0.471153846,0.894230769,0.459615385,0.913461538,0.494230769,0.959615385,0.521153846,0.915384615,0.530769231,0.871153846,0.521153846
0,0,0,0.679389313,0.328244275,0.759541985,0.219465649,0.822519084,0.135496183,0.851145038,0.059160305,0.914122137,0.236641221,1,0.307251908,0.961832061,0.33778626,0.910305344,0.330152672,0.933206107,0.312977099,0.994274809,0.383587786,0.952290076,0.40648855,0.902671756,0.395038168,0.929389313,0.402671756,0.990458015,0.454198473,0.948473282,0.467557252,0.896946565,0.45610687,0.91221374,0.490458015,0.958015267,0.519083969,0.916030534,0.522900763,0.868320611,0.511450382
0,0,0,0.681467181,0.333976834,0.762548263,0.227799228,0.826254826,0.142857143,0.853281853,0.065637066,0.918918919,0.245173745,1,0.326254826,0.961389961,0.361003861,0.909266409,0.355212355,0.936293436,0.32046332,0.998069498,0.3996139,0.951737452,0.422779923,0.8996139,0.411196911,0.932432432,0.411196911,0.992277992,0.467181467,0.947876448,0.480694981,0.895752896,0.469111969,0.916988417,0.498069498,0.965250965,0.528957529,0.922779923,0.534749035,0.876447876,0.521235521
0,0,0,0.678500986,0.347140039,0.759368836,0.236686391,0.824457594,0.149901381,0.854043393,0.072978304,0.909270217,0.250493097,1,0.33530572,0.954635108,0.370808679,0.899408284,0.362919132,0.930966469,0.327416174,0.998027613,0.406311637,0.946745562,0.431952663,0.893491124,0.420118343,0.932938856,0.41617357,0.99408284,0.475345168,0.946745562,0.489151874,0.893491124,0.479289941,0.923076923,0.506903353,0.976331361,0.536489152,0.927021696,0.544378698,0.879684418,0.534516765
0,0,0,0.66802444,0.362525458,0.755600815,0.250509165,0.822810591,0.16293279,0.851323829,0.083503055,0.904276986,0.262729124,1,0.344195519,0.955193483,0.376782077,0.900203666,0.368635438,0.924643585,0.342158859,0.99592668,0.419551935,0.940936864,0.441955193,0.885947047,0.429735234,0.924643585,0.433808554,0.99185336,0.490835031,0.938900204,0.50305499,0.883910387,0.49490835,0.912423625,0.527494908,0.965376782,0.556008147,0.912423625,0.562118126,0.865580448,0.553971487
0,0,0,0.647679325,0.386075949,0.740506329,0.272151899,0.812236287,0.183544304,0.839662447,0.099156118,0.892405063,0.280590717,1,0.362869198,0.951476793,0.396624473,0.896624473,0.388185654,0.911392405,0.360759494,0.993670886,0.436708861,0.938818565,0.462025316,0.883966245,0.451476793,0.911392405,0.451476793,0.978902954,0.508438819,0.928270042,0.52742616,0.875527426,0.518987342,0.898734177,0.546413502,0.953586498,0.584388186,0.900843882,0.594936709,0.85443038,0.588607595
0,0,0,0.618421053,0.410087719,0.717105263,0.285087719,0.791666667,0.192982456,0.813596491,0.105263158,0.868421053,0.287280702,0.997807018,0.375,0.953947368,0.412280702,0.894736842,0.407894737,0.888157895,0.368421053,1,0.449561404,0.949561404,0.480263158,0.890350877,0.469298246,0.89254386,0.462719298,0.995614035,0.526315789,0.945175439,0.548245614,0.885964912,0.539473684,0.885964912,0.561403509,0.971491228,0.594298246,0.923245614,0.60745614,0.872807018,0.596491228
0,0,0,0.595890411,0.426940639,0.700913242,0.292237443,0.778538813,0.191780822,0.801369863,0.100456621,0.858447489,0.296803653,0.997716895,0.388127854,0.970319635,0.431506849,0.920091324,0.433789954,0.876712329,0.383561644,1,0.46347032,0.952054795,0.49543379,0.890410959,0.49086758,0.878995434,0.484018265,0.99086758,0.54109589,0.940639269,0.561643836,0.878995434,0.557077626,0.872146119,0.584474886,0.95890411,0.609589041,0.906392694,0.618721461,0.853881279,0.609589041
0,0,0,0.585542169,0.445783133,0.696385542,0.301204819,0.773493976,0.195180723,0.797590361,0.098795181,0.848192771,0.301204819,0.992771084,0.392771084,0.946987952,0.431325301,0.881927711,0.424096386,0.865060241,0.390361446,1,0.474698795,0.942168675,0.508433735,0.874698795,0.498795181,0.865060241,0.498795181,0.987951807,0.563855422,0.930120482,0.585542169,0.86746988,0.578313253,0.855421687,0.607228916,0.951807229,0.645783133,0.896385542,0.655421687,0.840963855,0.645783133
0,0,0,0.568578554,0.453865337,0.683291771,0.306733167,0.765586035,0.19201995,0.783042394,0.089775561,0.83042394,0.294264339,0.995012469,0.394014963,0.947630923,0.431421446,0.880299252,0.421446384,0.847880299,0.3840399,1,0.476309227,0.945137157,0.50872818,0.877805486,0.496259352,0.847880299,0.496259352,0.985037406,0.563591022,0.930174564,0.586034913,0.865336658,0.578553616,0.840399002,0.608478803,0.952618454,0.650872818,0.897755611,0.665835411,0.840399002,0.653366584
0,0,0,0.56185567,0.43814433,0.675257732,0.286082474,0.75257732,0.167525773,0.770618557,0.06443299,0.819587629,0.280927835,0.992268041,0.37628866,0.943298969,0.414948454,0.871134021,0.407216495,0.835051546,0.37371134,1,0.463917526,0.943298969,0.49742268,0.87628866,0.487113402,0.832474227,0.481958763,0.984536082,0.554123711,0.925257732,0.582474227,0.860824742,0.572164948,0.822164948,0.597938144,0.948453608,0.649484536,0.896907216,0.667525773,0.840206186,0.657216495
0,0,0,0.562005277,0.416886544,0.672823219,0.277044855,0.754617414,0.168865435,0.786279683,0.079155673,0.817941953,0.242744063,0.992084433,0.345646438,0.944591029,0.382585752,0.870712401,0.36939314,0.828496042,0.329815303,1,0.430079156,0.941952507,0.461741425,0.870712401,0.44591029,0.828496042,0.437994723,0.992084433,0.517150396,0.931398417,0.54353562,0.862796834,0.527704485,0.817941953,0.55408971,0.952506596,0.609498681,0.899736148,0.625329815,0.839050132,0.612137203
0,0,0,0.565333333,0.36,0.674666667,0.221333333,0.752,0.112,0.778666667,0.021333333,0.818666667,0.186666667,0.994666667,0.288,0.952,0.328,0.88,0.317333333,0.826666667,0.274666667,1,0.376,0.941333333,0.410666667,0.872,0.392,0.826666667,0.381333333,0.994666667,0.466666667,0.930666667,0.496,0.864,0.48,0.816,0.498666667,0.949333333,0.56,0.896,0.581333333,0.84,0.568
0,0,0,0.553475936,0.355614973,0.663101604,0.205882353,0.735294118,0.088235294,0.745989305,0.00802139,0.815508021,0.171122995,0.994652406,0.28342246,0.938502674,0.323529412,0.86631016,0.304812834,0.826203209,0.256684492,1,0.368983957,0.930481283,0.403743316,0.863636364,0.385026738,0.823529412,0.36631016,0.986631016,0.459893048,0.917112299,0.486631016,0.85026738,0.465240642,0.812834225,0.486631016,0.949197861,0.553475936,0.882352941,0.572192513,0.820855615,0.553475936
0,0,0,0.548812665,0.361477573,0.659630607,0.218997361,0.733509235,0.102902375,0.749340369,0.01055409,0.810026385,0.179419525,0.994722955,0.295514512,0.941952507,0.335092348,0.868073879,0.319261214,0.820580475,0.263852243,1,0.374670185,0.934036939,0.411609499,0.868073879,0.393139842,0.820580475,0.372031662,0.98944591,0.46701847,0.920844327,0.498680739,0.857519789,0.480211082,0.810026385,0.490765172,0.949868074,0.564643799,0.886543536,0.583113456,0.828496042,0.567282322
0,0,0,0.5546875,0.395833333,0.6484375,0.25,0.71875,0.135416667,0.7421875,0.041666667,0.8125,0.2109375,0.9921875,0.322916667,0.9453125,0.3671875,0.869791667,0.356770833,0.822916667,0.294270833,1,0.408854167,0.9375,0.450520833,0.864583333,0.4375,0.817708333,0.401041667,0.986979167,0.497395833,0.924479167,0.533854167,0.859375,0.518229167,0.8046875,0.520833333,0.950520833,0.598958333,0.8984375,0.622395833,0.841145833,0.606770833
0,0,0,0.554123711,0.432989691,0.649484536,0.275773196,0.713917526,0.157216495,0.734536082,0.056701031,0.817010309,0.244845361,0.992268041,0.355670103,0.945876289,0.402061856,0.87371134,0.391752577,0.827319588,0.335051546,1,0.440721649,0.940721649,0.484536082,0.871134021,0.476804124,0.824742268,0.451030928,0.989690722,0.538659794,0.927835052,0.574742268,0.863402062,0.567010309,0.81185567,0.577319588,0.951030928,0.644329897,0.896907216,0.670103093,0.840206186,0.659793814
0,0,0,0.567430025,0.488549618,0.669211196,0.325699746,0.735368957,0.198473282,0.745547074,0.091603053,0.821882952,0.302798982,0.989821883,0.399491094,0.951653944,0.450381679,0.885496183,0.445292621,0.837150127,0.394402036,1,0.48346056,0.951653944,0.529262087,0.882951654,0.529262087,0.837150127,0.511450382,0.987277354,0.582697201,0.938931298,0.618320611,0.872773537,0.613231552,0.829516539,0.638676845,0.946564885,0.684478372,0.900763359,0.704834606,0.847328244,0.697201018
0,0,0,0.554156171,0.508816121,0.654911839,0.345088161,0.722921914,0.214105793,0.738035264,0.100755668,0.833753149,0.34256927,0.992443325,0.443324937,0.934508816,0.486146096,0.858942065,0.481108312,0.85138539,0.443324937,1,0.531486146,0.934508816,0.56675063,0.863979849,0.561712846,0.85138539,0.561712846,0.987405542,0.62720403,0.926952141,0.654911839,0.858942065,0.649874055,0.838790932,0.680100756,0.949622166,0.717884131,0.896725441,0.732997481,0.841309824,0.727959698
0,0,0,0.553030303,0.563131313,0.648989899,0.393939394,0.71969697,0.26010101,0.737373737,0.146464646,0.830808081,0.409090909,0.97979798,0.484848485,0.924242424,0.527777778,0.853535354,0.53030303,0.853535354,0.51010101,1,0.578282828,0.936868687,0.613636364,0.861111111,0.616161616,0.858585859,0.626262626,0.98989899,0.676767677,0.931818182,0.702020202,0.863636364,0.704545455,0.848484848,0.744949495,0.957070707,0.772727273,0.909090909,0.79040404,0.858585859,0.79040404
0,0,0,0.553571429,0.602040816,0.655612245,0.431122449,0.727040816,0.288265306,0.74744898,0.170918367,0.829081633,0.459183673,0.977040816,0.520408163,0.931122449,0.568877551,0.862244898,0.573979592,0.854591837,0.56122449,1,0.617346939,0.948979592,0.658163265,0.875,0.663265306,0.864795918,0.676020408,0.994897959,0.711734694,0.954081633,0.744897959,0.887755102,0.75255102,0.862244898,0.790816327,0.982142857,0.798469388,0.979591837,0.823979592,0.956632653,0.834183673
0,0,0,0.557840617,0.66066838,0.66066838,0.485861183,0.732647815,0.33933162,0.750642674,0.218508997,0.835475578,0.524421594,0.982005141,0.568123393,0.93059126,0.611825193,0.858611825,0.616966581,0.863753213,0.629820051,1,0.668380463,0.946015424,0.70437018,0.868894602,0.706940874,0.876606684,0.745501285,0.992287918,0.768637532,0.94344473,0.794344473,0.87403599,0.799485861,0.871465296,0.858611825,0.969151671,0.853470437,0.922879177,0.868894602,0.866323907,0.87403599
0,0,0,0.544270833,0.6875,0.65625,0.515625,0.736979167,0.372395833,0.752604167,0.247395833,0.838541667,0.544270833,0.984375,0.604166667,0.927083333,0.6484375,0.848958333,0.6484375,0.869791667,0.65625,1,0.700520833,0.9375,0.739583333,0.861979167,0.739583333,0.8828125,0.778645833,0.9921875,0.802083333,0.934895833,0.828125,0.861979167,0.828125,0.875,0.895833333,0.966145833,0.890625,0.9140625,0.903645833,0.8515625,0.90625
0,0,0,0.551724138,0.702917772,0.655172414,0.538461538,0.734748011,0.395225464,0.75596817,0.270557029,0.838196286,0.570291777,0.984084881,0.623342175,0.928381963,0.668435013,0.856763926,0.671087533,0.867374005,0.684350133,1,0.721485411,0.938992042,0.75862069,0.862068966,0.76127321,0.877984085,0.803713528,0.98938992,0.822281167,0.933687003,0.848806366,0.859416446,0.851458886,0.872679045,0.920424403,0.965517241,0.912466844,0.909814324,0.925729443,0.848806366,0.931034483
0,0,0,0.553763441,0.715053763,0.655913978,0.551075269,0.739247312,0.411290323,0.760752688,0.290322581,0.844086022,0.577956989,0.989247312,0.639784946,0.938172043,0.688172043,0.865591398,0.690860215,0.876344086,0.688172043,1,0.733870968,0.940860215,0.771505376,0.862903226,0.771505376,0.887096774,0.806451613,0.98655914,0.830645161,0.932795699,0.860215054,0.860215054,0.860215054,0.88172043,0.922043011,0.956989247,0.919354839,0.905913978,0.932795699,0.846774194,0.932795699
0,0,0,0.56097561,0.723577236,0.66395664,0.563685637,0.742547425,0.428184282,0.764227642,0.308943089,0.848238482,0.582655827,0.991869919,0.650406504,0.940379404,0.699186992,0.869918699,0.701897019,0.87804878,0.685636856,1,0.742547425,0.940379404,0.780487805,0.864498645,0.777777778,0.888888889,0.802168022,0.986449864,0.837398374,0.932249322,0.864498645,0.861788618,0.861788618,0.886178862,0.91598916,0.953929539,0.924119241,0.899728997,0.937669377,0.842818428,0.93495935
0,0,0,0.570652174,0.720108696,0.668478261,0.565217391,0.744565217,0.432065217,0.763586957,0.317934783,0.85326087,0.586956522,0.989130435,0.649456522,0.942934783,0.695652174,0.875,0.698369565,0.883152174,0.6875,1,0.741847826,0.942934783,0.777173913,0.869565217,0.774456522,0.891304348,0.801630435,0.983695652,0.836956522,0.932065217,0.861413043,0.864130435,0.858695652,0.885869565,0.910326087,0.953804348,0.921195652,0.902173913,0.934782609,0.845108696,0.932065217
0,0,0,0.578804348,0.725543478,0.676630435,0.573369565,0.75,0.442934783,0.77173913,0.331521739,0.858695652,0.589673913,0.991847826,0.66576087,0.9375,0.70923913,0.866847826,0.706521739,0.885869565,0.690217391,1,0.752717391,0.942934783,0.788043478,0.872282609,0.785326087,0.89673913,0.801630435,0.986413043,0.845108696,0.934782609,0.869565217,0.866847826,0.864130435,0.888586957,0.910326087,0.956521739,0.926630435,0.904891304,0.9375,0.847826087,0.934782609
0,0,0,0.591780822,0.731506849,0.684931507,0.578082192,0.756164384,0.452054795,0.780821918,0.342465753,0.860273973,0.6,0.991780822,0.671232877,0.942465753,0.715068493,0.876712329,0.715068493,0.887671233,0.701369863,1,0.75890411,0.942465753,0.791780822,0.871232877,0.78630137,0.898630137,0.810958904,0.98630137,0.849315068,0.934246575,0.873972603,0.868493151,0.868493151,0.895890411,0.915068493,0.961643836,0.928767123,0.909589041,0.942465753,0.852054795,0.936986301
0,0,0,0.597796143,0.73553719,0.688705234,0.592286501,0.760330579,0.47107438,0.785123967,0.366391185,0.862258953,0.606060606,0.991735537,0.67768595,0.947658402,0.724517906,0.884297521,0.724517906,0.892561983,0.699724518,1,0.76584022,0.944903581,0.798898072,0.878787879,0.79338843,0.900826446,0.807162534,0.986225895,0.85399449,0.936639118,0.876033058,0.873278237,0.870523416,0.895316804,0.91184573,0.955922865,0.933884298,0.906336088,0.944903581,0.85399449,0.94214876
0,0,0,0.61281337,0.743732591,0.699164345,0.601671309,0.768802228,0.48189415,0.791086351,0.381615599,0.86908078,0.61281337,0.991643454,0.679665738,0.949860724,0.724233983,0.888579387,0.727019499,0.899721448,0.704735376,1,0.763231198,0.947075209,0.796657382,0.883008357,0.793871866,0.91086351,0.807799443,0.988857939,0.849582173,0.941504178,0.86908078,0.880222841,0.866295265,0.908077994,0.91086351,0.963788301,0.927576602,0.913649025,0.941504178,0.863509749,0.941504178
0,0,0,0.617318436,0.74301676,0.703910615,0.603351955,0.773743017,0.491620112,0.796089385,0.393854749,0.87150838,0.617318436,0.988826816,0.684357542,0.94972067,0.723463687,0.891061453,0.726256983,0.899441341,0.703910615,1,0.765363128,0.946927374,0.793296089,0.882681564,0.790502793,0.907821229,0.804469274,0.98603352,0.846368715,0.938547486,0.865921788,0.879888268,0.860335196,0.902234637,0.899441341,0.955307263,0.921787709,0.907821229,0.932960894,0.860335196,0.932960894
0,0,0,0.628169014,0.752112676,0.712676056,0.614084507,0.78028169,0.501408451,0.802816901,0.402816901,0.876056338,0.622535211,0.994366197,0.692957746,0.954929577,0.735211268,0.898591549,0.738028169,0.904225352,0.709859155,1,0.774647887,0.949295775,0.805633803,0.887323944,0.802816901,0.912676056,0.808450704,0.985915493,0.853521127,0.94084507,0.873239437,0.881690141,0.870422535,0.909859155,0.904225352,0.957746479,0.926760563,0.909859155,0.94084507,0.861971831,0.94084507
0,0,0,0.631728045,0.756373938,0.71388102,0.620396601,0.781869688,0.512747875,0.807365439,0.416430595,0.88101983,0.628895184,0.991501416,0.702549575,0.95184136,0.742209632,0.895184136,0.742209632,0.909348442,0.71388102,1,0.781869688,0.95184136,0.8101983,0.889518414,0.804532578,0.917847025,0.813031161,0.991501416,0.861189802,0.946175637,0.878186969,0.883852691,0.872521246,0.912181303,0.909348442,0.960339943,0.92917847,0.915014164,0.943342776,0.869688385,0.943342776
0,0,0,0.633802817,0.752112676,0.715492958,0.616901408,0.783098592,0.509859155,0.805633803,0.416901408,0.878873239,0.625352113,0.988732394,0.698591549,0.943661972,0.732394366,0.887323944,0.726760563,0.904225352,0.709859155,1,0.771830986,0.952112676,0.8,0.890140845,0.791549296,0.915492958,0.805633803,0.991549296,0.850704225,0.943661972,0.867605634,0.887323944,0.861971831,0.909859155,0.898591549,0.96056338,0.915492958,0.918309859,0.929577465,0.873239437,0.932394366
0,0,0,0.632596685,0.723756906,0.712707182,0.593922652,0.779005525,0.494475138,0.803867403,0.403314917,0.88121547,0.599447514,0.988950276,0.662983425,0.944751381,0.698895028,0.889502762,0.698895028,0.908839779,0.685082873,1,0.740331492,0.953038674,0.767955801,0.895027624,0.762430939,0.919889503,0.776243094,0.988950276,0.817679558,0.94198895,0.837016575,0.886740331,0.834254144,0.914364641,0.870165746,0.961325967,0.886740331,0.914364641,0.900552486,0.870165746,0.903314917
0,0,0,0.632707775,0.691689008,0.715817694,0.563002681,0.780160858,0.463806971,0.801608579,0.375335121,0.876675603,0.565683646,0.989276139,0.621983914,0.946380697,0.659517426,0.887399464,0.656836461,0.908847185,0.651474531,1,0.705093834,0.951742627,0.731903485,0.895442359,0.72386059,0.919571046,0.745308311,0.991957105,0.782841823,0.946380697,0.801608579,0.890080429,0.798927614,0.919571046,0.839142091,0.970509383,0.857908847,0.924932976,0.871313673,0.876675603,0.871313673
0,0,0,0.630379747,0.643037975,0.708860759,0.516455696,0.772151899,0.410126582,0.794936709,0.321518987,0.86835443,0.518987342,0.969620253,0.574683544,0.939240506,0.615189873,0.888607595,0.62278481,0.901265823,0.594936709,0.979746835,0.653164557,0.951898734,0.688607595,0.906329114,0.701265823,0.918987342,0.683544304,0.984810127,0.729113924,0.967088608,0.764556962,0.929113924,0.782278481,0.921518987,0.772151899,0.984810127,0.8,1,0.832911392,0.997468354,0.855696203
0,0,0,0.648780488,0.597560976,0.72195122,0.470731707,0.782926829,0.368292683,0.809756098,0.285365854,0.885365854,0.480487805,0.985365854,0.524390244,0.963414634,0.563414634,0.917073171,0.575609756,0.92195122,0.56097561,1,0.602439024,0.965853659,0.631707317,0.912195122,0.63902439,0.936585366,0.651219512,0.997560976,0.685365854,0.958536585,0.707317073,0.907317073,0.714634146,0.93902439,0.743902439,0.985365854,0.768292683,0.946341463,0.785365854,0.9,0.790243902
0,0,0,0.641255605,0.522421525,0.710762332,0.401345291,0.771300448,0.307174888,0.793721973,0.226457399,0.885650224,0.414798206,0.97309417,0.475336323,0.950672646,0.515695067,0.905829596,0.52690583,0.919282511,0.49103139,0.99103139,0.538116592,0.966367713,0.569506726,0.919282511,0.580717489,0.932735426,0.576233184,1,0.607623318,0.97309417,0.632286996,0.926008969,0.639013453,0.930493274,0.661434978,0.979820628,0.679372197,0.950672646,0.695067265,0.908071749,0.697309417
